{
  "accuracy": [
    0.07971014827489853,
    0.14855071902275085,
    0.21648550033569336,
    0.25815218687057495,
    0.28804346919059753,
    0.3333333432674408,
    0.3740941882133484,
    0.4637681245803833,
    0.489130437374115,
    0.5172101259231567,
    0.5715579986572266,
    0.6096014380455017,
    0.6503623127937317,
    0.6838768124580383,
    0.7101449370384216,
    0.7509058117866516,
    0.7481883764266968,
    0.7626811861991882,
    0.7762681245803833,
    0.7771739363670349,
    0.83152174949646,
    0.823369562625885,
    0.8115941882133484,
    0.8686594367027283,
    0.8478260636329651,
    0.8740941882133484,
    0.9030796885490417,
    0.9021739363670349,
    0.8949275612831116,
    0.9139492511749268,
    0.9003623127937317,
    0.89673912525177,
    0.9030796885490417,
    0.9130434989929199,
    0.9601449370384216,
    0.95923912525177,
    0.9610507488250732,
    0.9655796885490417,
    0.95652174949646,
    0.970108687877655,
    0.9746376872062683,
    0.9682971239089966,
    0.9710144996643066,
    0.9719203114509583,
    0.9800724387168884,
    0.9746376872062683,
    0.9737318754196167,
    0.9719203114509583,
    0.9728260636329651,
    0.9755434989929199,
    0.98097825050354,
    0.9855072498321533,
    0.9836956262588501,
    0.9827898740768433,
    0.9827898740768433,
    0.9900362491607666,
    0.9855072498321533,
    0.9882246255874634,
    0.9864130616188049,
    0.9882246255874634,
    0.989130437374115,
    0.9909420013427734
  ],
  "loss": [
    3.7409884929656982,
    3.1676690578460693,
    2.880328893661499,
    2.7022571563720703,
    2.496659755706787,
    2.366074800491333,
    2.225858211517334,
    2.0632667541503906,
    1.99043607711792,
    1.8896256685256958,
    1.7828038930892944,
    1.677289605140686,
    1.5709757804870605,
    1.5492135286331177,
    1.4838942289352417,
    1.412087321281433,
    1.4094136953353882,
    1.3667044639587402,
    1.360182762145996,
    1.3039886951446533,
    1.2537928819656372,
    1.2416144609451294,
    1.2337744235992432,
    1.157111406326294,
    1.1871012449264526,
    1.1520228385925293,
    1.0862449407577515,
    1.0810470581054688,
    1.083410620689392,
    1.0630996227264404,
    1.0798577070236206,
    1.0787172317504883,
    1.0691872835159302,
    1.0185741186141968,
    0.9591429233551025,
    0.958505392074585,
    0.9526254534721375,
    0.9450439214706421,
    0.9554147124290466,
    0.9392834901809692,
    0.92486572265625,
    0.9264540076255798,
    0.9180129170417786,
    0.9231675863265991,
    0.8967934846878052,
    0.9199822545051575,
    0.9053201675415039,
    0.9038921594619751,
    0.8965984582901001,
    0.8958017826080322,
    0.8893166780471802,
    0.8879113793373108,
    0.887264609336853,
    0.8811689019203186,
    0.8833513855934143,
    0.8749846816062927,
    0.8713433742523193,
    0.8717325329780579,
    0.8714422583580017,
    0.876807689666748,
    0.8737366795539856,
    0.8712647557258606
  ],
  "top5_accuracy": [
    0.3478260934352875,
    0.4882246255874634,
    0.6005434989929199,
    0.6403985619544983,
    0.7291666865348816,
    0.7753623127937317,
    0.8188405632972717,
    0.8614130616188049,
    0.883152186870575,
    0.8958333134651184,
    0.9175724387168884,
    0.9347826242446899,
    0.948369562625885,
    0.9519927501678467,
    0.9655796885490417,
    0.9637681245803833,
    0.9755434989929199,
    0.9773550629615784,
    0.98097825050354,
    0.9827898740768433,
    0.989130437374115,
    0.9882246255874634,
    0.9818840622901917,
    0.9846014380455017,
    0.9846014380455017,
    0.9864130616188049,
    0.9954710006713867,
    0.9954710006713867,
    0.9981883764266968,
    0.9945651888847351,
    0.991847813129425,
    0.991847813129425,
    0.9936594367027283,
    1.0,
    0.9981883764266968,
    0.9990941882133484,
    0.9990941882133484,
    0.9990941882133484,
    1.0,
    1.0,
    1.0,
    1.0,
    0.9981883764266968,
    0.9990941882133484,
    1.0,
    0.9990941882133484,
    0.9981883764266968,
    1.0,
    1.0,
    1.0,
    1.0,
    0.9990941882133484,
    1.0,
    1.0,
    0.9990941882133484,
    1.0,
    1.0,
    1.0,
    1.0,
    1.0,
    1.0,
    1.0
  ],
  "val_accuracy": [
    0.0,
    0.17391304671764374,
    0.3478260934352875,
    0.43478259444236755,
    0.3478260934352875,
    0.3478260934352875,
    0.52173912525177,
    0.3913043439388275,
    0.6086956262588501,
    0.6521739363670349,
    0.5652173757553101,
    0.695652186870575,
    0.5652173757553101,
    0.6521739363670349,
    0.6086956262588501,
    0.6086956262588501,
    0.739130437374115,
    0.6086956262588501,
    0.739130437374115,
    0.5652173757553101,
    0.695652186870575,
    0.6521739363670349,
    0.739130437374115,
    0.5652173757553101,
    0.695652186870575,
    0.695652186870575,
    0.695652186870575,
    0.8260869383811951,
    0.695652186870575,
    0.782608687877655,
    0.739130437374115,
    0.695652186870575,
    0.739130437374115,
    0.8260869383811951,
    0.8260869383811951,
    0.782608687877655,
    0.8260869383811951,
    0.782608687877655,
    0.695652186870575,
    0.739130437374115,
    0.739130437374115,
    0.8695651888847351,
    0.8260869383811951,
    0.8695651888847351,
    0.782608687877655,
    0.782608687877655,
    0.695652186870575,
    0.739130437374115,
    0.739130437374115,
    0.695652186870575,
    0.695652186870575,
    0.782608687877655,
    0.782608687877655,
    0.695652186870575,
    0.695652186870575,
    0.695652186870575,
    0.695652186870575,
    0.782608687877655,
    0.739130437374115,
    0.739130437374115,
    0.739130437374115,
    0.695652186870575
  ],
  "val_loss": [
    2.9841599464416504,
    2.874220848083496,
    2.7148351669311523,
    2.482846260070801,
    2.300611972808838,
    2.299673557281494,
    2.0745456218719482,
    1.8633990287780762,
    1.888079285621643,
    1.8426076173782349,
    1.9537208080291748,
    1.7118251323699951,
    1.76864755153656,
    1.7756946086883545,
    1.7325389385223389,
    1.7763084173202515,
    1.6067514419555664,
    1.764886736869812,
    1.6381758451461792,
    1.7845845222473145,
    1.5081924200057983,
    1.8860235214233398,
    1.5292612314224243,
    1.6637269258499146,
    1.4591913223266602,
    1.6427772045135498,
    1.5070908069610596,
    1.550855040550232,
    1.5766373872756958,
    1.5016993284225464,
    1.6382129192352295,
    1.7109371423721313,
    1.6050612926483154,
    1.42643404006958,
    1.4096184968948364,
    1.4681609869003296,
    1.4201557636260986,
    1.4980552196502686,
    1.4833143949508667,
    1.5552074909210205,
    1.4631329774856567,
    1.3610024452209473,
    1.3574930429458618,
    1.3163541555404663,
    1.4794225692749023,
    1.4148914813995361,
    1.6804609298706055,
    1.5661355257034302,
    1.66364586353302,
    1.5288610458374023,
    1.7057627439498901,
    1.5871038436889648,
    1.6083879470825195,
    1.5795389413833618,
    1.6151143312454224,
    1.581122636795044,
    1.6439390182495117,
    1.43980073928833,
    1.6296120882034302,
    1.657141923904419,
    1.4980287551879883,
    1.5886934995651245
  ],